vendor,productId,P/N,platform,category,barcode,spec,name,srp,priceTax,price,priceSpecial,moq,maxOrder,status,arrival,priceTag,displayNote
BNE,ZL_A00TZ_1FN,ZL.A00TZ.1FN,NS,軟體,4713014355962,,NS ONE PIECE 時光旅詩豪華版,1490,980,933,0,0,0,instock,,特價,
BNE,ZL_A00TZ_1FO,ZL.A00TZ.1FO,NS,軟體,4713014356037,,NS 關於我轉生變成史萊姆這檔事 坦派斯特開拓譚,1490,980,933,0,0,0,instock,,特價,
BNE,ZL_A00TZ_1BZ,ZL.A00TZ.1BZ,NS,軟體,4713014355153,,NS SPY×FAMILY 間諜家家酒 日記大作戰,1490,980,933,0,0,0,instock,,特價,
BNE,ZL_A00TZ_17S,ZL.A00TZ.17S,NS,軟體,4713014356075,,NS 鋼彈創壞者4 標準版,1790,1270,1210,0,0,0,instock,,特價,
BNE,ZL_A00TZ_18Z,ZL.A00TZ.18Z,NS,軟體,4713014355948,,NS 刀劍神域 碎夢邊境,1790,1490,1419,0,0,0,instock,,特價,
BNE,ZL_A00TZ_191,ZL.A00TZ.191,NS,軟體,4713014356778,,NS 復活邪神2 七英雄的復仇,1490,1311,1249,0,0,0,instock,,0.88,
BNE,ZL_A00TZ_196,ZL.A00TZ.196,NS,軟體,4713014356792,,NS 奇異人生：雙重曝光 Life is Strange: Double Exposure,1490,1150,1095,0,0,0,instock,,特價,
BNE,ZL_A00TZ_1CP,ZL.A00TZ.1CP,NS,軟體,4713014356853,,NS 自由戰爭 Remastered,1190,880,838,0,0,0,instock,,特價,
BNE,ZL_A00TZ_1CQ,ZL.A00TZ.1CQ,NS,軟體,4713014356716,,NS 美德傳奇 f Remastered,1290,1020,971,0,0,0,instock,,特價,
BNE,ZL_A00TZ_1CR,ZL.A00TZ.1CR,NS,軟體,4713014356938,,NS 聖騎士之戰 -奮戰-,1490,1150,1095,0,0,0,instock,,特價,
BNE,ZL_A00TZ_1FW,ZL.A00TZ.1FW,NS,軟體,4713014357300,,NS 機動戰士GUNDAM SEED 激鬥命運復刻版,1190,1012,963,0,0,0,instock,,0.85,
BNE,ZL_A00TZ_1JJ,ZL.A00TZ.1JJ,NS,軟體,4713014356242,,NS 戰鼓啪打碰 1+2 REPLAY,990,780,743,0,0,0,instock,,特價,
BNE,ZL_A00TZ_1JL,ZL.A00TZ.1JL,NS,軟體,4713014356983,,NS 闇鬥迷宮,990,780,743,0,0,0,instock,,特價,
BNE,ZL_A00TZ_1JM,ZL.A00TZ.1JM,NS,軟體,4713014357416,,NS 超級機器人大戰 Y,1990,1692,1611,0,0,0,instock,,0.85,
BNE,ZL_A00TZ_1LE,ZL.A00TZ.1LE,NS,軟體,4713014357515,,NS 全民高爾夫 環球之旅,1190,1047,997,0,0,0,instock,,0.88,
BNE,ZL_A00TZ_1LG,ZL.A00TZ.1LG,NS,軟體,4713014357072,,NS 永久與神樹的祈願者,990,871,830,0,0,0,instock,,0.88,
BNE,ZL_A00TZ_1OG,ZL.A00TZ.1OG,NS,軟體,4713014357058,,NS 吃豆人吃遍世界2,990,871,830,0,0,0,instock,,0.88,
BNE,ZL_A00TZ_1LI,ZL.A00TZ.1LI,NS,軟體,4713014355269,,NS 小小夢魘3,1190,1047,997,0,0,0,instock,,0.88,
BNE,ZL_A00TZ_1OR,ZL.A00TZ.1OR,NS,軟體,4713014355764,,NS 小小夢魘3 限定版,2990,2631,2506,0,0,0,instock,,0.88,
BNE,ZL_A00TZ_1ON,ZL.A00TZ.1ON,NS,軟體,4713014357126,,NS 從前從前有個塊魂,1190,1047,997,0,0,0,instock,,0.88,
BNE,ZL_A00TZ_1OP,ZL.A00TZ.1OP,NS,軟體,4713014355993,,NS 無盡傳奇 復刻版,1190,1047,997,0,0,0,instock,,0.88,
BNE,ZL_A00TZ_1OX,ZL.A00TZ.1OX,NS,軟體,4713014357102,,NS 七龍珠電光炸裂！ZERO,1790,1575,1500,0,0,0,instock,,0.88,
BNE,ZL_A00TZ_1MT,ZL.A00TZ.1MT,NS,軟體,4713014357294,,NS 勇者鬥惡龍I & II HD-2D Remake 一般版,1790,1250,1190,0,0,0,instock,,特價,
BNE,ZL_A00TZ_1OZ,ZL.A00TZ.1OZ,NS,軟體,4713014357690,,NS 勇者鬥惡龍I & II HD-2D Remake 角色完整收藏套組,4590,4039,3847,0,0,0,instock,,0.88,
BNE,ZL_A00TZ_1OM,ZL.A00TZ.1OM,NS,軟體,4713014357850,,NS 歧路旅人0,1490,1311,1249,0,0,0,instock,,0.88,
BNE,ZL_A00TZ_1QM,ZL.A00TZ.1QM,NS,軟體,4713014357867,,NS 歧路旅人 0 典藏版,6980,6142,5850,0,0,0,instock,,0.88,
BNE,ZL_A00TZ_1SJ,ZL.A00TZ.1SJ,NS,軟體,4713014357911,,NS 勇者鬥惡龍VII Reimagined,1590,1399,1333,0,0,0,instock,,0.88,
BNE,ZL_A00TZ_1SK,ZL.A00TZ.1SK,NS,軟體,4713014358017,,NS 勇者鬥惡龍VII Reimagined 超豪華版,7690,6767,6445,0,0,0,instock,,0.88,
BNE,ZL_A00TZ_1SH,ZL.A00TZ.1SH,NS,軟體,4713014356273,,NS 緋夜傳奇 復刻版,1190,1047,997,0,0,0,instock,,0.88,
BNE,ZL_A00TZ_1LJ,ZL.A00TZ.1LJ,NS2,軟體,4713014357591,,NS2 小小夢魘3,1190,1047,997,0,0,0,instock,,0.88,
BNE,ZL_A00TZ_1OY,ZL.A00TZ.1OY,NS2,軟體,4713014357676,,NS2 七龍珠電光炸裂！ZERO,1790,1575,1500,0,0,0,instock,,0.88,
BNE,ZL_A00TZ_1MU,ZL.A00TZ.1MU,NS2,軟體,4713014357683,,NS2 勇者鬥惡龍I & II HD-2D Remake 一般版,1790,1250,1190,0,0,0,instock,,特價,
BNE,ZL_A00TZ_1P0,ZL.A00TZ.1P0,NS2,軟體,4713014357706,,NS2 勇者鬥惡龍I & II HD-2D Remake 角色完整收藏套組,4590,4039,3847,0,0,0,instock,,0.88,
BNE,ZL_A00TZ_1Q7,ZL.A00TZ.1Q7,NS2,軟體,4713014357874,,NS2 歧路旅人0,1490,1311,1249,0,0,0,instock,,0.88,
BNE,ZL_A00TZ_1QN,ZL.A00TZ.1QN,NS2,軟體,4713014357881,,NS2 歧路旅人0 典藏版,6980,6142,5850,0,0,0,instock,,0.88,
BNE,ZL_A00TZ_1SL,ZL.A00TZ.1SL,NS2,軟體,4713014357928,,NS2 勇者鬥惡龍VII Reimagined,1590,1399,1333,0,0,0,instock,,,
BNE,ZL_A00TZ_1SM,ZL.A00TZ.1SM,NS2,軟體,4713014358024,,NS2 勇者鬥惡龍VII Reimagined 超豪華版,7690,6767,6445,0,0,0,instock,,,
BNE,ZL_A00TZ_1SP,ZL.A00TZ.1SP,NS2,軟體,4713014357997,,NS2 Final Fantasy VII 重製版Intergrade,0,0,0,0,0,0,draft,,,
BNE,ZL_A00TZ_0U0,ZL.A00TZ.0U0,PS5,軟體,8885011017900,,PS5 鐵拳8 典藏版,8490,4000,3810,0,0,0,instock,,特價,
BNE,ZL_A00TZ_1OD,ZL.A00TZ.1OD,PS5,軟體,4713014356020,,PS5 關於我轉生變成史萊姆這檔事 坦派斯特開拓譚,1490,980,933,0,0,0,instock,,特價,
BNE,ZL_A00TZ_17Q,ZL.A00TZ.17Q,PS5,軟體,4713014356068,,PS5 鋼彈創壞者4 標準版,1790,1190,1133,0,0,0,instock,,特價,
BNE,ZL_A00TZ_17U,ZL.A00TZ.17U,PS5,軟體,4713014356747,,PS5 Visions of Mana 聖劍傳說 瑪娜幻象,1790,1190,1133,0,0,0,instock,,特價,
BNE,ZL_A00TZ_190,ZL.A00TZ.190,PS5,軟體,4713014355931,,PS5 刀劍神域 碎夢邊境,1790,1380,1314,0,0,0,instock,,特價,
BNE,ZL_A00TZ_18X,ZL.A00TZ.18X,PS5,軟體,4713014356099,,PS5 七龍珠電光炸裂！ZERO,1890,1560,1486,0,0,0,instock,,特價,
BNE,ZL_A00TZ_195,ZL.A00TZ.195,PS5,軟體,4713014356297,,PS5 無名九使覺醒 Unknown 9: Awakening,1490,910,867,0,0,0,instock,,特價,
BNE,ZL_A00TZ_192,ZL.A00TZ.192,PS5,軟體,4713014356761,,PS5 復活邪神2 七英雄的復仇,1490,1267,1206,0,0,0,instock,,0.85,
BNE,ZL_A00TZ_1A8,ZL.A00TZ.1A8,PS5,軟體,4713014356570,,PS5 小小夢魘2 強化版,590,502,478,0,0,0,instock,,0.85,
BNE,ZL_A00TZ_197,ZL.A00TZ.197,PS5,軟體,4713014356785,,PS5 奇異人生：雙重曝光 Life is Strange: Double Exposure,1490,1140,1086,0,0,0,instock,,特價,
BNE,ZL_A00TZ_194,ZL.A00TZ.194,PS5,軟體,4713014356181,,PS5 太鼓之達人 咚咚雷音祭,1490,1240,1181,0,0,0,instock,,特價,
BNE,ZL_A00TZ_1CS,ZL.A00TZ.1CS,PS5,軟體,4713014356846,,PS5 自由戰爭 Remastered,1190,860,819,0,0,0,instock,,特價,
BNE,ZL_A00TZ_1CT,ZL.A00TZ.1CT,PS5,軟體,4713014356709,,PS5 美德傳奇 f Remastered,1290,1020,971,0,0,0,instock,,特價,
BNE,ZL_A00TZ_1CU,ZL.A00TZ.1CU,PS5,軟體,4713014355115,,PS5 奇異賢伴 愛達之歌 豪華版,1890,1450,1381,0,0,0,instock,,特價,
BNE,ZL_A00TZ_1CW,ZL.A00TZ.1CW,PS5,軟體,4713014356211,,PS5 BLEACH 死神 魂魄覺醒,1790,1480,1410,0,0,0,instock,,特價,
BNE,ZL_A00TZ_1FX,ZL.A00TZ.1FX,PS5,軟體,4713014357270,,PS5 光與影：33號遠征隊,1490,1162,1107,0,0,0,instock,,0.78,
BNE,ZL_A00TZ_1JN,ZL.A00TZ.1JN,PS5,軟體,4713014357393,,PS5 超級機器人大戰 Y,1990,1692,1611,0,0,0,instock,,0.85,
BNE,ZL_A00TZ_1LF,ZL.A00TZ.1LF,PS5,軟體,4713014356990,,PS5 全民高爾夫 環球之旅,1190,1047,997,0,0,0,instock,,0.88,
BNE,ZL_A00TZ_1LH,ZL.A00TZ.1LH,PS5,軟體,4713014357065,,PS5 永久與神樹的祈願者,990,871,830,0,0,0,instock,,0.88,
BNE,ZL_A00TZ_1LL,ZL.A00TZ.1LL,PS5,軟體,4713014357089,,PS5 數碼寶貝物語 時空異客,1790,1575,1500,0,0,0,instock,,0.88,
BNE,ZL_A00TZ_1MW,ZL.A00TZ.1MW,PS5,軟體,4713014357577,,PS5 數碼寶貝物語 時空異客 實體限定版,6290,5535,5272,0,0,0,instock,,0.88,
BNE,ZL_A00TZ_1LK,ZL.A00TZ.1LK,PS5,軟體,4713014355252,,PS5 小小夢魘3,1190,1047,997,0,0,0,instock,,0.88,
BNE,ZL_A00TZ_1OT,ZL.A00TZ.1OT,PS5,軟體,4713014355757,,PS5 小小夢魘3 限定版,2990,2631,2506,0,0,0,instock,,0.88,
BNE,ZL_A00TZ_1OO,ZL.A00TZ.1OO,PS5,軟體,4713014357119,,PS5 從前從前有個塊魂,1190,1047,997,0,0,0,instock,,0.88,
BNE,ZL_A00TZ_1OQ,ZL.A00TZ.1OQ,PS5,軟體,4713014355979,,PS5 無盡傳奇 復刻版,1190,1047,997,0,0,0,instock,,0.88,
BNE,ZL_A00TZ_1PZ,ZL.A00TZ.1PZ,PS5,軟體,4713014357133,,PS5 ONE PIECE 海賊無雙4,1190,1047,997,0,0,0,instock,,0.88,
BNE,ZL_A00TZ_1MV,ZL.A00TZ.1MV,PS5,軟體,4713014357287,,PS5 勇者鬥惡龍I & II HD-2D Remake 一般版,1790,1250,1190,0,0,0,instock,,特價,
BNE,ZL_A00TZ_1Q8,ZL.A00TZ.1Q8,PS5,軟體,4713014357836,,PS5 歧路旅人0,1490,1311,1249,0,0,0,instock,,0.88,
BNE,ZL_A00TZ_1QO,ZL.A00TZ.1QO,PS5,軟體,4713014357843,,PS5 歧路旅人0 典藏版,6980,6142,5850,0,0,0,instock,,0.88,
BNE,ZL_A00TZ_1SN,ZL.A00TZ.1SN,PS5,軟體,4713014357904,,PS5 勇者鬥惡龍VII Reimagined 一般版,1590,1399,1333,0,0,0,instock,,0.88,
BNE,ZL_A00TZ_1SO,ZL.A00TZ.1SO,PS5,軟體,4713014358000,,PS5 勇者鬥惡龍VII Reimagined 超豪華版,7690,6767,6445,0,0,0,instock,,0.88,
BNE,ZL_A00TZ_1Q0,ZL.A00TZ.1Q0,PS5,軟體,4713014357140,,PS5 CODE VEIN 噬血代碼 II,1890,1663,1584,0,0,0,instock,,0.88,
BNE,ZL_A00TZ_1Q9,ZL.A00TZ.1Q9,PS5,軟體,4713014357720,,PS5 CODE VEIN 噬血代碼 II 限量版,6590,5799,5523,0,0,0,instock,,0.88,
BNE,ZL_A00TZ_1QA,ZL.A00TZ.1QA,PS5,軟體,4713014357157,,PS5 我的英雄學院 無盡正義,1790,1575,1500,0,0,0,instock,,0.88,
BNE,ZL_A00TZ_1SI,ZL.A00TZ.1SI,PS5,軟體,4713014356266,,PS5 緋夜傳奇 復刻版,1190,1047,997,0,0,0,instock,,0.88,
BNE,ZL_A00TZ_1BF,ZL.A00TZ.1BF,NS,軟體,4713014354750,,NS 王牌釣手 歡釣水族館,1090,927,882,0,0,0,instock,,0.85,
BNE,ZL_A00TZ_1BG,ZL.A00TZ.1BG,NS,軟體,4713014355672,,NS 空戰奇兵7 未知天際 豪華版,1190,1047,997,0,0,0,instock,,0.88,
BNE,ZL_A00TZ_1BI,ZL.A00TZ.1BI,NS,軟體,4713014352312,,NS 數碼寶貝物語 網路偵探 駭客追憶,790,660,629,0,0,0,instock,,特價,
BNE,ZL_A00TZ_1BJ,ZL.A00TZ.1BJ,NS,軟體,4713014354712,,NS 哆啦A夢 牧場物語 自然王國與和樂家人,1490,1311,1249,0,0,0,instock,,0.88,
BNE,ZL_A00TZ_1BK,ZL.A00TZ.1BK,NS,軟體,4713014353517,,NS 七龍珠Z卡卡洛特+新覺醒篇,990,700,667,0,0,0,instock,,特價,
BNE,ZL_A00TZ_1FP,ZL.A00TZ.1FP,NS,軟體,4713014355221,,NS 咒術迴戰 雙華亂舞,1390,1182,1125,0,0,0,instock,,0.85,
BNE,ZL_A00TZ_1BQ,ZL.A00TZ.1BQ,NS,軟體,4713014353005,,NS 小小夢靨 2,990,812,773,0,0,0,instock,,0.82,
BNE,ZL_A00TZ_1BR,ZL.A00TZ.1BR,NS,軟體,4713014353852,,NS 小小夢靨 完全版,990,660,629,0,0,0,instock,,特價,
BNE,ZL_A00TZ_1BS,ZL.A00TZ.1BS,NS,軟體,4713014352626,,NS 火影忍者疾風傳 終極風暴4 慕留人傳,1190,976,929,0,0,0,instock,,0.82,
BNE,ZL_A00TZ_1BT,ZL.A00TZ.1BT,NS,軟體,4573173327510,,NS 火影忍者疾風傳 終極風暴三部曲,1290,1058,1007,0,0,0,instock,,0.82,
BNE,ZL_A00TZ_1BX,ZL.A00TZ.1BX,NS,軟體,4713014352503,,NS ONE PIECE 海賊無雙4,1190,1012,963,0,0,0,instock,,0.85,確認可供貨時間
BNE,ZL_A00TZ_1BY,ZL.A00TZ.1BY,NS,軟體,4713014354354,,NS SD GUNDAM 激鬥同盟,1090,860,819,0,0,0,instock,,特價,
BNE,ZL_A00TZ_1C0,ZL.A00TZ.1C0,NS,軟體,4713014353630,,NS 超級機器人大戰 30,1090,927,882,0,0,0,instock,,0.85,
BNE,ZL_A00TZ_1C1,ZL.A00TZ.1C1,NS,軟體,4713014352077,,NS 超級機器人大戰 T,890,757,720,0,0,0,instock,,0.85,
BNE,ZL_A00TZ_1C2,ZL.A00TZ.1C2,NS,軟體,4713014352336,,NS 超級機器人大戰 V,990,842,801,0,0,0,instock,,0.85,
BNE,ZL_A00TZ_1C3,ZL.A00TZ.1C3,NS,軟體,4713014352411,,NS 超級機器人大戰 X,890,757,720,0,0,0,instock,,0.85,
BNE,ZL_A00TZ_1C5,ZL.A00TZ.1C5,NS,軟體,4713014352145,,NS 刀劍神域 奪命兇彈,790,560,533,0,0,0,instock,,特價,
BNE,ZL_A00TZ_1C6,ZL.A00TZ.1C6,NS,軟體,4713014352121,,NS 刀劍神域 虛空幻界 豪華版,990,710,676,0,0,0,instock,,特價,
BNE,ZL_A00TZ_1C4,ZL.A00TZ.1C4,NS,軟體,4713014354262,,NS 刀劍神域：彼岸遊境,890,757,720,0,0,0,instock,,0.85,
BNE,ZL_A00TZ_1C7,ZL.A00TZ.1C7,NS,軟體,4713014354606,,NS 太鼓之達人 咚咚雷音祭,1090,959,914,0,0,0,instock,,0.88,預計下週到貨
BNE,ZL_A00TZ_1C9,ZL.A00TZ.1C9,NS,軟體,4713014353555,,NS 兩人一起！ 貓咪大戰爭,890,740,705,0,0,0,instock,,特價,
BNE,ZL_A00TZ_1BH,ZL.A00TZ.1BH,NS,軟體,4713014353029,,NS 勇氣默示錄 2,990,792,754,0,0,0,instock,,0.8,
BNE,ZL_A00TZ_1BL,ZL.A00TZ.1BL,NS,軟體,4713014352237,,NS 勇者鬥惡龍 創世小玩家2 破壞神席德與空蕩島,1090,818,779,0,0,0,instock,,0.75,
BNE,ZL_A00TZ_1BM,ZL.A00TZ.1BM,NS,軟體,4713014355474,,NS FINAL FANTASY 像素重製版1-6合集,2490,2191,2087,0,0,0,instock,,0.88,
BNE,ZL_A00TZ_1BN,ZL.A00TZ.1BN,NS,軟體,4713014352046,,NS FINAL FANTASY X/X-2 HD 重製版,1090,927,882,0,0,0,instock,,0.85,
BNE,ZL_A00TZ_1BO,ZL.A00TZ.1BO,NS,軟體,4713014352053,,NS FINAL FANTASY XII 黃道時代,1090,927,882,0,0,0,instock,,0.85,
BNE,ZL_A00TZ_1BV,ZL.A00TZ.1BV,NS,軟體,4713014354774,,NS 尼爾 自動人形 GOTY 版,1290,1135,1081,0,0,0,instock,,0.88,
BNE,ZL_A00TZ_1BW,ZL.A00TZ.1BW,NS,軟體,4713014355382,,NS 歧路旅人II,990,0,0,0,0,0,draft,,,
BNE,ZL_A00TZ_1CB,ZL.A00TZ.1CB,PS4,軟體,,,PS4 空戰奇兵7 未知天際,0,0,0,0,0,0,draft,,,
BNE,ZL_A00TZ_1CC,ZL.A00TZ.1CC,PS4,軟體,4710841419638,,PS4 黑暗靈魂2 原罪哲人,790,660,629,0,0,0,instock,,特價,
BNE,ZL_A00TZ_1CD,ZL.A00TZ.1CD,PS4,軟體,4713014350707,,PS4 黑暗靈魂III：薪火漸逝,790,660,629,0,0,0,instock,,特價,
BNE,ZL_A00TZ_1CE,ZL.A00TZ.1CE,PS4,軟體,4713014351384,,PS4 黑暗靈魂 HD,790,660,629,0,0,0,instock,,特價,
BNE,ZL_A00TZ_1CF,ZL.A00TZ.1CF,PS5,軟體,4713014354897,,PS5 七龍珠Z卡卡洛特,890,600,571,0,0,0,instock,,特價,
BNE,ZL_A00TZ_1OL,ZL.A00TZ.1OL,PS5,軟體,4713014355740,,PS5 FINAL FANTASY VII 重生,1390,940,895,0,0,0,instock,,特價,
BNE,ZL_A00TZ_18T,ZL.A00TZ.18T,NS,軟體,,,NS 勇者鬥惡龍III HD-2D Remake,0,0,0,0,0,0,draft,,,
BNE,ZL_A00TZ_1BP,ZL.A00TZ.1BP,NS,軟體,4713014354149,,JOJO的奇妙冒險群星之戰重製版,1090,0,0,0,0,0,draft,,,確認可供貨時間
BNE,ZL_A00TZ_1JO,ZL.A00TZ.1JO,PS5,軟體,4713014357348,,PS5 艾爾登法環 黑夜君臨,1190,1071,1020,0,0,0,instock,,0.9,
BNE,ZL_A00TZ_1BU,ZL.A00TZ.1BU,PS5,軟體,,,NS NARUTO X BORUTO 火影忍者 終極風暴羈絆,0,0,0,0,0,0,draft,,,
GS,ZL_A00TZ_11F,ZL.A00TZ.11F,NS,軟體,4580694044192,,NS 沙石鎮時光 [中文封面] (繁中/簡中/英/日/韓文版) - 亞洲版,990,842,801,0,0,0,instock,,0.85,
GS,ZL_A00TZ_11S,ZL.A00TZ.11S,NS,軟體,4580694043461,,NS 胡鬧搬家2 (繁中/簡中/英/日/韓文版) - 亞洲版,890,757,720,0,0,0,instock,,0.85,5月下旬到貨
GS,ZL_A00TZ_11X,ZL.A00TZ.11X,NS,軟體,4580694041283,,NS 狙擊精英4 (繁/簡中/英/日文版) - 亞洲版,0,0,0,0,0,0,draft,,,
GS,ZL_A00TZ_1FZ,ZL.A00TZ.1FZ,NS,軟體,4580694044857,,NS 狙擊精英4 - 日版,990,842,801,0,0,0,instock,,0.85,MOQ : 1000
GS,ZL_A00TZ_124,ZL.A00TZ.124,NS,軟體,4580694043393,,NS 小小伙伴 : 狗狗小島 (繁中/簡中/英/日/韓文版) - 亞洲版,990,842,801,0,0,0,instock,,0.85,MOQ : 500
GS,ZL_A00TZ_125,ZL.A00TZ.125,NS,軟體,4580694040125,,NS 狙擊精英 3 [終極版] (繁/簡中/英/日/韓文版) - 亞洲版,1290,1097,1044,0,0,0,instock,,0.85,MOQ : 500
GS,ZL_A00TZ_127,ZL.A00TZ.127,NS,軟體,4580694044277,,NS 血咒之城：暗夜儀式 (Best Price) - 日版,790,672,640,0,0,0,instock,,0.85,
GS,ZL_A00TZ_128,ZL.A00TZ.128,NS,軟體,4580694042440,,NS 殭屍部隊 : 死亡戰爭 4 (繁中/簡中/英/日文版) - 亞洲版,990,842,801,0,0,0,instock,,0.85,MOQ : 500
GS,ZL_A00TZ_12C,ZL.A00TZ.12C,NS,軟體,4580694041559,,NS 胡鬧廚房 全都好吃 (繁中/簡中/英/日/韓文版) - 亞洲版,990,842,801,0,0,0,instock,,0.85,
GS,ZL_A00TZ_133,ZL.A00TZ.133,NS,軟體,4580694044352,,NS 核心守護者,890,757,720,0,0,0,instock,,0.85,
GS,ZL_A00TZ_12W,ZL.A00TZ.12W,NS,軟體,4580694044383,,NS 女鬼橋二 釋魂路 - 亞洲版,799,679,647,0,0,0,instock,,0.85,MOQ : 500
GS,ZL_A00TZ_184,ZL.A00TZ.184,NS,軟體,4580694044628,,NS 超時空要塞 -Shooting Insight-,1090,927,882,0,0,0,instock,,0.85,
GS,ZL_A00TZ_1BE,ZL.A00TZ.1BE,NS,軟體,4580694044918,,NS 黏黏世界 2,1090,927,882,0,0,0,instock,,0.85,
GS,ZL_A00TZ_1CX,ZL.A00TZ.1CX,NS,軟體,4580694044802,,NS 狙擊之神V2 重製版 [Best Price] (繁/簡中/英/日文版) - 日版,790,672,640,0,0,0,instock,,0.85,MOQ : 500
GS,ZL_A00TZ_1DE,ZL.A00TZ.1DE,NS,軟體,4580694045236,,NS 百劍討妖傳綺譚 普通版,1090,927,882,0,0,0,instock,,0.85,
GS,ZL_A00TZ_1DH,ZL.A00TZ.1DH,NS,軟體,4580694045298,,NS 百劍討妖傳綺譚 限定版,1790,1522,1449,0,0,0,instock,,0.85,
GS,ZL_A00TZ_15M,ZL.A00TZ.15M,NS,軟體,4580694044765,,NS 小丑牌 (繁中/簡中/英/日文版) - 亞洲版,1090,927,882,0,0,0,instock,,0.85,MOQ : 500
GS,ZL_A00TZ_1HW,ZL.A00TZ.1HW,NS,軟體,4580694046417,,NS TEVI 中英日韓文版-亞洲版,1190,1012,963,0,0,0,instock,,0.85,
GS,ZL_A00TZ_1E3,ZL.A00TZ.1E3,NS,誠翼,4535506303899,,NS 符文工廠 龍之天地 (繁中/簡中/英/日文版) - 亞洲版,1690,1437,1368,0,0,0,instock,,0.85,MOQ : 500
GS,ZL_A00TZ_130,ZL.A00TZ.130,NS,誠翼,4535506303783,,NS 波與月夜之青蓮 (繁中/簡中/英/日/韓文版) - 亞洲版,690,587,559,0,0,0,instock,,0.85,MOQ : 100
GS,ZL_A00TZ_17J,ZL.A00TZ.17J,NS,誠翼,608037466235,,NS 軒轅劍柒 [中文封面] (繁中/簡中/英/日文版) - 亞洲版,1390,1182,1125,0,0,0,instock,,0.85,MOQ : 100
GS,ZL_A00TZ_17X,ZL.A00TZ.17X,NS,誠翼,742839255458,,NS 極限凸旗 七海盜 H (中文封面)(繁中/英文版) - 亞洲版,1390,1182,1125,0,0,0,instock,,0.85,
GS,ZL_A00TZ_1I3,ZL.A00TZ.1I3,NS,誠翼,608037466570,,NS 超次次元遊戲 戰機少女 重生1 普通版 (中文封面),1590,1352,1287,0,0,0,instock,,0.85,
GS,ZL_A00TZ_1H7,ZL.A00TZ.1H7,NS2,誠翼,4535506303943,,NS2 符文工廠 龍之天地 (繁中/簡中/英/日文版) - 亞洲版,1890,1607,1530,0,0,0,instock,,0.85,
GS,ZL_A00TZ_1HO,ZL.A00TZ.1HO,NS2,誠翼,4535506303998,,NS2 機甲戰魔 神話之裔 繁體中文亞洲版,1790,1522,1449,0,0,0,instock,,0.85,
GS,ZL_A00TZ_1H8,ZL.A00TZ.1H8,NS2,誠翼,4535506303967,,NS2 牧場物語 來吧！風之繁華市集 中文一般版,1590,1352,1287,0,0,0,instock,,0.85,
GS,ZL_A00TZ_1G1,ZL.A00TZ.1G1,PS4,軟體,4580694042273,,PS4 仙劍奇俠傳 七 (繁中/簡中/英/日文版) - 亞洲版,990,842,801,0,0,0,instock,,0.85,MOQ : 100
GS,ZL_A00TZ_11T,ZL.A00TZ.11T,PS4,軟體,4580694043416,,PS4 胡鬧搬家2 (繁中/簡中/英/日/韓文版) - 日,890,757,720,0,0,0,instock,,0.85,停止生產
GS,ZL_A00TZ_11V,ZL.A00TZ.11V,PS4,軟體,4580694042372,,PS4 狙擊精英5 (繁中/簡中/英/日文版) - 亞洲版,1290,1097,1044,0,0,0,instock,,0.85,
GS,ZL_A00TZ_11Y,ZL.A00TZ.11Y,PS4,軟體,4580694041276,,PS4 狙擊精英4 (繁/簡中/英/日文版) - 亞洲版,990,842,801,0,0,0,instock,,0.85,
GS,ZL_A00TZ_12A,ZL.A00TZ.12A,PS4,軟體,4580694041573,,PS4 胡鬧廚房 全都好吃 (繁中/簡中/英/日/韓文版)- 亞洲版,990,842,801,0,0,0,instock,,0.85,
GS,ZL_A00TZ_1AF,ZL.A00TZ.1AF,PS4,軟體,4580694044369,,PS4 女鬼橋二 釋魂路,799,679,647,0,0,0,instock,,0.85,
GS,ZL_A00TZ_183,ZL.A00TZ.183,PS4,軟體,4580694044635,,PS4 超時空要塞 -Shooting Insight-,1090,927,882,0,0,0,instock,,0.85,
GS,ZL_A00TZ_1B4,ZL.A00TZ.1B4,PS4,軟體,4580694045434,,PS4 狙擊精英 : 抵抗 普通版 日版,1690,1437,1368,0,0,0,instock,,0.85,
GS,ZL_A00TZ_1DD,ZL.A00TZ.1DD,PS4,軟體,4580694045212,,PS4 百劍討妖傳綺譚 普通版,1090,927,882,0,0,0,instock,,0.85,
GS,ZL_A00TZ_1DG,ZL.A00TZ.1DG,PS4,軟體,4580694045274,,PS4 百劍討妖傳綺譚 限定版,1790,1522,1449,0,0,0,instock,,0.85,
GS,ZL_A00TZ_1DP,ZL.A00TZ.1DP,PS4,軟體,4580694045533,,PS4 原子能降臨 [可升級至PS5版本] (繁中/簡中/英/日/韓文版) - 日,1690,1437,1368,0,0,0,instock,,0.85,MOQ : 100
GS,ZL_A00TZ_11G,ZL.A00TZ.11G,PS5,軟體,4580694042365,,PS5 神力科莎出賽準備: 競爭 (繁中/簡中/英/日文版) - 亞洲版,1190,1012,963,0,0,0,instock,,0.85,MOQ : 100
GS,ZL_A00TZ_11H,ZL.A00TZ.11H,PS5,軟體,4580694042624,,PS5 仙劍奇俠傳 七 (繁中/簡中/英/日文版) - 亞洲版,990,842,801,0,0,0,instock,,0.85,
GS,ZL_A00TZ_11U,ZL.A00TZ.11U,PS5,軟體,4580694043454,,PS5 胡鬧搬家2 (繁中/簡中/英/日/韓文版) - 亞洲版,890,757,720,0,0,0,instock,,0.85,
GS,ZL_A00TZ_1FY,ZL.A00TZ.1FY,PS5,軟體,4580694044864,,PS5 狙擊精英5 日版,1290,1097,1044,0,0,0,instock,,0.85,MOQ : 100
GS,ZL_A00TZ_1HG,ZL.A00TZ.1HG,PS5,軟體,4580694044246,,PS5 幽影行者2 (繁中/簡中/英/日/韓文版) - 亞洲版,1190,1012,963,0,0,0,instock,,0.85,MOQ : 100
GS,ZL_A00TZ_12B,ZL.A00TZ.12B,PS5,軟體,4580694041351,,PS5 胡鬧廚房 全都好吃 - 亞洲版,990,842,801,0,0,0,instock,,0.85,
GS,ZL_A00TZ_131,ZL.A00TZ.131,PS5,軟體,4580694044345,,PS5 核心守護者,890,757,720,0,0,0,instock,,0.85,
GS,ZL_A00TZ_132,ZL.A00TZ.132,PS5,軟體,4580694044604,,PS5 喵喵大戰死剩種,890,757,720,0,0,0,instock,,0.85,MOQ : 100
GS,ZL_A00TZ_12V,ZL.A00TZ.12V,PS5,軟體,4580694044376,,PS5 女鬼橋二 釋魂路 - 亞洲版,799,679,647,0,0,0,instock,,0.85,MOQ : 100
GS,ZL_A00TZ_182,ZL.A00TZ.182,PS5,軟體,4580694044642,,PS5 超時空要塞 -Shooting Insight-,1090,927,882,0,0,0,instock,,0.85,
GS,ZL_A00TZ_1B5,ZL.A00TZ.1B5,PS5,軟體,4580694045427,,PS5 狙擊精英：抵抗 - 亞洲版 普通版,1690,1437,1368,0,0,0,instock,,0.85,
GS,ZL_A00TZ_1B6,ZL.A00TZ.1B6,PS5,軟體,4580694045458,,PS5 狙擊精英：抵抗 - 亞洲版 豪華版,2990,2542,2420,0,0,0,instock,,0.85,停止生產
GS,ZL_A00TZ_1DC,ZL.A00TZ.1DC,PS5,軟體,4580694045229,,PS5 百劍討妖傳綺譚 普通版,1090,927,882,0,0,0,instock,,0.85,
GS,ZL_A00TZ_1DF,ZL.A00TZ.1DF,PS5,軟體,4580694045281,,PS5 百劍討妖傳綺譚 限定版,1790,1522,1449,0,0,0,instock,,0.85,
GS,ZL_A00TZ_15L,ZL.A00TZ.15L,PS5,軟體,4580694044758,,PS5 小丑牌 (繁中/簡中/英/日文版),1090,927,882,0,0,0,instock,,0.85,
GS,ZL_A00TZ_1DO,ZL.A00TZ.1DO,PS5,軟體,4580694045526,,PS5 原子能降臨 (繁中/簡中/英/日/韓文版) - 日,1690,1437,1368,0,0,0,instock,,0.85,MOQ : 100
GS,ZL_A00TZ_1HL,ZL.A00TZ.1HL,PS5,軟體,4580694046257,,PS5 Noctuary 夢燈花 繁體中文普通版,890,757,720,0,0,0,instock,,0.85,2025/7/31發售
GS,ZL_A00TZ_1GD,ZL.A00TZ.1GD,PS5,誠翼,3512899968905,,PS5 RoadCraft (繁中/簡中/英/韓文版) - 亞洲版,1290,1097,1044,0,0,0,instock,,0.85,
GS,ZL_A00TZ_1FA,ZL.A00TZ.1FA,PS5,誠翼,4020628578176,,PS5 天國: 拯救 2 (繁中/簡中/英文版) - 亞洲版,1890,1607,1530,0,0,0,instock,,0.85,MOQ : 500
GS,ZL_A00TZ_180,ZL.A00TZ.180,PS5,誠翼,608037466396,,PS5 軒轅劍外傳 穹之扉 [中文封面] (繁中/簡中/英文版) - 亞洲版,1090,927,882,0,0,0,instock,,0.85,
GS,ZL_A00TZ_12X,ZL.A00TZ.12X,PS5,誠翼,4595989961047,,PS5 野狗子 一般版 (繁中/簡中/英/日/韓文版) - 亞洲版,1190,1012,963,0,0,0,instock,,0.85,
GS,ZL_A00TZ_17Y,ZL.A00TZ.17Y,PS5,誠翼,3512899968165,,PS5 戰鎚40K: 星際戰士2 (繁中/簡中/英/日/韓文版) - 亞洲版,1990,1692,1611,0,0,0,instock,,0.85,
GS,ZL_A00TZ_12Z,ZL.A00TZ.12Z,PS5,誠翼,4535506303790,,PS5 波與月夜之青蓮 (繁中/簡中/英/日/韓文版) - 亞洲版,690,587,559,0,0,0,instock,,0.85,MOQ : 100
GS,ZL_A00TZ_1HV,ZL.A00TZ.1HV,PS5,誠翼,4580694046301,,PS5 TEVI 中英日韓文版-亞洲版,1190,1012,963,0,0,0,instock,,0.85,
GS,ZL_A00TZ_1E4,ZL.A00TZ.1E4,PS5,誠翼,4020628559076,,PS5 殺戮空間 3 亞洲版,1390,1182,1125,0,0,0,instock,,0.85,2025/7/24發售
GS,ZL_A00TZ_1HN,ZL.A00TZ.1HN,PS5,誠翼,4535506304001,,PS5 機甲戰魔 神話之裔 繁體中文亞洲版,1790,1522,1449,0,0,0,instock,,0.85,
GS,ZL_A00TZ_1AY,ZL.A00TZ.1AY,NS,女性向,4580694044444,,NS 偶像★進行曲 (繁體中文版) - 亞洲版 普通版,1490,1267,1206,0,0,0,instock,,0.85,
GS,ZL_A00TZ_1AR,ZL.A00TZ.1AR,NS,女性向,4580694045182,,NS 璃夢泡影之世外浮城 普通版,1690,1437,1368,0,0,0,instock,,0.85,MOQ 500
GS,ZL_A00TZ_1AS,ZL.A00TZ.1AS,NS,女性向,4580694045199,,NS 璃夢泡影之世外浮城 限定版,3190,2712,2582,0,0,0,instock,,0.85,
GS,ZL_A00TZ_1AT,ZL.A00TZ.1AT,NS,女性向,4580694045205,,NS 璃夢泡影之世外浮城 豪華版,6190,5262,5011,0,0,0,instock,,0.85,
GS,ZL_A00TZ_12T,ZL.A00TZ.12T,NS,女性向,4580694044468,,NS 純愛聲放送 普通版,990,842,801,0,0,0,instock,,0.85,
GS,ZL_A00TZ_15N,ZL.A00TZ.15N,NS,女性向,4580694044536,,NS 9 R.I.P. 普通版,1790,1522,1449,0,0,0,instock,,0.85,
GS,ZL_A00TZ_15O,ZL.A00TZ.15O,NS,女性向,4580694044543,,NS 9 R.I.P. 限定版,3090,2627,2501,0,0,0,instock,,0.85,
GS,ZL_A00TZ_12O,ZL.A00TZ.12O,NS,女性向,4580694043249,,NS B-PROJECT 流星幻想曲 普通版,1790,1522,1449,0,0,0,instock,,0.85,
GS,ZL_A00TZ_12P,ZL.A00TZ.12P,NS,女性向,4580694043256,,NS B-PROJECT 流星*幻想曲 [KITAKORE＆MooNs合版]【限定版】,2990,2542,2420,0,0,0,instock,,0.85,
GS,ZL_A00TZ_12Q,ZL.A00TZ.12Q,NS,女性向,4580694044208,,NS B-PROJECT 流星*幻想曲 [THRIVE＆KiLLER KiNG合版]【限定版】,2990,2542,2420,0,0,0,instock,,0.85,
GS,ZL_A00TZ_12R,ZL.A00TZ.12R,NS,女性向,4580694044512,,NS 終遠的威爾修-EpiC:lycoris- 普通版,1690,1437,1368,0,0,0,instock,,0.85,
GS,ZL_A00TZ_12M,ZL.A00TZ.12M,NS,女性向,4580694043263,,NS BUSTAFELLOWS 普通版,1890,1607,1530,0,0,0,instock,,0.85,
GS,ZL_A00TZ_18G,ZL.A00TZ.18G,NS,女性向,4580694044116,,NS 東京24區 -祈- (繁體中文版) - 亞洲版,1450,1233,1174,0,0,0,instock,,0.85,MOQ 500
GS,ZL_A00TZ_11I,ZL.A00TZ.11I,NS,女性向,4580694042587,,NS 終遠的威爾修 -ErroR:salvation- (繁體中文版) - 亞洲版,1690,1437,1368,0,0,0,instock,,0.85,MOQ 500
GS,ZL_A00TZ_11J,ZL.A00TZ.11J,NS,女性向,4580694041627,,NS 虔誠之花的晚鐘 -1926- (繁體中文版) - 亞洲版,1690,1437,1368,0,0,0,instock,,0.85,
GS,ZL_A00TZ_11K,ZL.A00TZ.11K,NS,女性向,4580694042563,,NS JACKJEANNE (繁體中文版) - 亞洲版,1690,1437,1368,0,0,0,instock,,0.85,
GS,ZL_A00TZ_11L,ZL.A00TZ.11L,NS,女性向,4580694043072,,NS 黑桃國的愛麗絲 (繁體中文版) - 亞洲版,1790,1522,1449,0,0,0,instock,,0.85,MOQ : 500
GS,ZL_A00TZ_11M,ZL.A00TZ.11M,NS,女性向,4580694042464,,NS 闇之眷屬 -FANTASY ON DARK- (繁體中文版) - 亞洲版,890,757,720,0,0,0,instock,,0.85,MOQ : 500
GS,ZL_A00TZ_11N,ZL.A00TZ.11N,NS,女性向,4580694041603,,NS 共生邱比特 (繁體中文版) - 亞洲版,1550,1318,1255,0,0,0,instock,,0.85,
GS,ZL_A00TZ_11O,ZL.A00TZ.11O,NS,女性向,4580694042235,,NS 冷然之天秤 : 帝都幻惑綺譚 (繁體中文版) - 亞洲版,1550,1318,1255,0,0,0,instock,,0.85,
GS,ZL_A00TZ_15T,ZL.A00TZ.15T,NS,女性向,4580694042327,,NS 失憶症 -Amnesia- (繁體中文版) - 亞洲版,1550,1318,1255,0,0,0,instock,,0.85,
GS,ZL_A00TZ_11P,ZL.A00TZ.11P,NS,女性向,4580694043201,,NS 失憶症: Later x Crowd (繁體中文版) - 亞洲版,1790,1522,1449,0,0,0,instock,,0.85,
GS,ZL_A00TZ_15U,ZL.A00TZ.15U,NS,女性向,4580694041436,,NS 奧林匹亞的晚宴(繁體中文版) - 亞洲版,1550,1318,1255,0,0,0,instock,,0.85,
GS,ZL_A00TZ_11Q,ZL.A00TZ.11Q,NS,女性向,4580694040606,,NS 虔誠之花的晚鐘 (繁體中文版) - 亞洲版,1550,1318,1255,0,0,0,instock,,0.85,
GS,ZL_A00TZ_12D,ZL.A00TZ.12D,NS,女性向,4580694041580,,NS 第六妖守-Dairoku- (繁體中文版) - 亞洲版,1550,1318,1255,0,0,0,instock,,0.85,MOQ : 500
GS,ZL_A00TZ_12E,ZL.A00TZ.12E,NS,女性向,4580694042419,,NS 命運九重奏 –NORN9 LOFN- (繁體中文版) - 亞洲版,1990,1692,1611,0,0,0,instock,,0.85,MOQ : 500
GS,ZL_A00TZ_1HA,ZL.A00TZ.1HA,NS,女性向,4580694043317,,NS 失憶症 Amnesia: World (繁體中文版) - 亞洲版,1790,1522,1449,0,0,0,instock,,0.85,
GS,ZL_A00TZ_12F,ZL.A00TZ.12F,NS,女性向,4580694041054,,NS 幻奏咖啡廳-Enchante- (繁體中文版) - 亞洲版,1550,1318,1255,0,0,0,instock,,0.85,
GS,ZL_A00TZ_15V,ZL.A00TZ.15V,NS,女性向,4580694044284,,NS MAJESTIC☆MAJOLICAL (繁體中文版) - 亞洲版,1890,1607,1530,0,0,0,instock,,0.85,
GS,ZL_A00TZ_11R,ZL.A00TZ.11R,NS,女性向,4580694044093,,NS 共生邱比特 -Sweet & Spicy Darling.- (繁體中文版) - 亞洲版,1890,1607,1530,0,0,0,instock,,0.85,
GS,ZL_A00TZ_1AX,ZL.A00TZ.1AX,NS,女性向,4580694043133,,"NS 華彩煌煌,吾之一族 摩登時代 (繁體中文版) - 亞洲版",1690,1437,1368,0,0,0,instock,,0.85,
GS,ZL_A00TZ_1GB,ZL.A00TZ.1GB,NS,女性向,4580694045649,,NS 聖靈家族 Rinato 普通版,1590,1352,1287,0,0,0,instock,,0.85,2025/7/24發售
GS,ZL_A00TZ_1GC,ZL.A00TZ.1GC,NS,女性向,4580694045656,,NS 聖靈家族 Rinato 限定版,2890,2457,2340,0,0,0,instock,,0.85,停止生產
GS,ZL_A00TZ_1HJ,ZL.A00TZ.1HJ,NS,軟體,4580694046264,,NS Noctuary 夢燈花 繁體中文普通版,890,757,720,0,0,0,instock,,0.85,2025/7/31發售
GS,ZL_A00TZ_1FU,ZL.A00TZ.1FU,NS,軟體,4580694046219,,NS Honey Vibes 繁體中文版 普通版,1790,1522,1449,0,0,0,instock,,0.85,
GS,ZL_A00TZ_1DK,ZL.A00TZ.1DK,NS,OLP,6972561612289,,PlayStation® 30周年 鴨舌帽,780,0,0,0,0,0,draft,,,
GS,ZL_A00TZ_1DM,ZL.A00TZ.1DM,NS,OLP,6972561612272,,PlayStation® 30周年 壓克力鑰匙圈 經典套組（3pcs）,580,0,0,0,0,0,draft,,,
GS,ZL_A00TZ_1DJ,ZL.A00TZ.1DJ,NS,OLP,6972561612296,,PlayStation® 30周年 斜背包,1580,0,0,0,0,0,draft,,,
SONY,ZL_A00TZ_0T3,ZL.A00TZ.0T3,PS5,主機,4948872415927,CFI-2018A01,PlayStation 5 主機 (CFI-2018A01),17580,16701,15906,16701,0,0,instock,,,
SONY,ZL_A00TZ_0T4,ZL.A00TZ.0T4,PS5,主機,4948872415903,CFI-2018B01,數位版 PlayStation 5 (CFI-2018B01),14580,13851,13191,13851,0,0,instock,,,
SONY,ZL_A00TZ_1PO,ZL.A00TZ.1PO,PS5,主機,4948872416979,CFI-2118A01,PlayStation 5 主機 (CFI-2118A01),19989,18990,18086,18990,0,0,instock,,,
SONY,ZL_A00TZ_1PQ,ZL.A00TZ.1PQ,PS5,主機,4948872416955,CFI-2118B01,數位版 PlayStation 5 (CFI-2118B01),17989,17090,16276,17090,0,0,instock,,,
SONY,ZL_A00TZ_18S,ZL.A00TZ.18S,PS5,主機,4948872416313,CFI-7022B01,PlayStation 5 Pro,27478,26104,24861,26104,0,0,instock,,,
SONY,ZL_A00TZ_0T5,ZL.A00TZ.0T5,PS5,主機,4948872416092,CFI-ZVS1P,主機直立架,980,833,793,833,0,0,instock,,,
SONY,ZL_A00TZ_0T6,ZL.A00TZ.0T6,PS5,主機,4948872416023,CFI-ZDD1G,PS5專用Ultra HD Blu-ray光碟機,3680,3128,3154,3128,0,0,instock,,,有需求可提出
SONY,ZL_A00TZ_0F6,ZL.A00TZ.0F6,VR,VR,4948872415392,CFI-ZVR1G,PlayStation VR2,13880,12492,11897,12492,0,0,instock,,,新價格
SONY,ZL_A00TZ_0F8,ZL.A00TZ.0F8,VR,周邊,4948872415866,CFI-ZSS1T,PlayStation VR2 Sense控制器充電座,1580,1343,1279,1343,0,0,instock,,,
SONY,ZL_A00TZ_15Y,ZL.A00TZ.15Y,VR,周邊,4948872416337,CFI-ZVP1T,PlayStation VR2 PC轉換器,1880,1598,1522,1598,0,0,instock,,,
SONY,ZL_A00TZ_164,ZL.A00TZ.164,PS5,周邊,4948872416283,CFI-Y1018,PlayStation Portal Remote Player,6480,5832,5554,5832,0,0,instock,,,有需求可提出
SONY,ZL_A00TZ_1E5,ZL.A00TZ.1E5,PS5,周邊,4948872416511,CFI-Y101801,PlayStation Portal 遙控遊玩機 午夜黑,6480,5832,5554,5832,0,0,instock,,,
SONY,ZL_A00TZ_007,ZL.A00TZ.007,PS5,周邊,4948872414982,CFI-ZCT1G,DualSense™ 無線控制器,2280,1938,1846,1938,0,0,instock,,,
SONY,ZL_A00TZ_00Y,ZL.A00TZ.00Y,PS5,周邊,4948872415194,CFI-ZCT1G01,DualSense 無線控制器 午夜黑,2280,1938,1846,1938,0,0,instock,,,
SONY,ZL_A00TZ_00Z,ZL.A00TZ.00Z,PS5,周邊,4948872415170,CFI-ZCT1G02,DualSense 無線控制器 星塵紅,2280,1938,1846,1938,0,0,instock,,,
SONY,ZL_A00TZ_089,ZL.A00TZ.089,PS5,周邊,4948872415699,CFI-ZCT1G06,DualSense 無線控制器 深灰迷彩,2280,1938,1846,1938,0,0,instock,,,
SONY,ZL_A00TZ_0Q6,ZL.A00TZ.0Q6,PS5,周邊,4948872416122,CFI-ZCT1G09,DualSense 無線控制器 - 鈷藍色,2480,2108,2008,2108,0,0,instock,,,
SONY,ZL_A00TZ_1RC,ZL.A00TZ.1RC,PS5,周邊,4948872417297,CFI-ZCT2G,DualSense 無線控制器 - 白 (CFI-ZCT2G),2280,1938,1846,1938,0,0,instock,,,
SONY,ZL_A00TZ_1RD,ZL.A00TZ.1RD,PS5,周邊,4948872417235,CFI-ZCT2G01,DualSense 無線控制器 - 午夜黑 (CFI-ZCT2G),2280,1938,1846,1938,0,0,instock,,,
SONY,ZL_A00TZ_1RE,ZL.A00TZ.1RE,PS5,周邊,4948872417211,CFI-ZCT2G02,DualSense 無線控制器 - 星塵紅 (CFI-ZCT2G),2280,1938,1846,1938,0,0,instock,,,
SONY,ZL_A00TZ_1RF,ZL.A00TZ.1RF,PS5,周邊,4948872417396,CFI-ZCT2G06,DualSense 無線控制器 - 深灰迷彩 (CFI-ZCT2G),2280,1938,1846,1938,0,0,instock,,,
SONY,ZL_A00TZ_1RG,ZL.A00TZ.1RG,PS5,周邊,4948872417372,CFI-ZCT2G10,DualSense 無線控制器 - 閃耀青 (CFI-ZCT2G),2480,2108,2008,2108,0,0,instock,,,
SONY,ZL_A00TZ_1RH,ZL.A00TZ.1RH,PS5,周邊,4948872417358,CFI-ZCT2G11,DualSense 無線控制器 - 閃耀靛紫 (CFI-ZCT2G),2480,2108,2008,2108,0,0,instock,,,
SONY,ZL_A00TZ_1RI,ZL.A00TZ.1RI,PS5,周邊,4948872417334,CFI-ZCT2G12,DualSense 無線控制器 - 閃耀珍珠白 (CFI-ZCT2G),2480,2108,2008,2108,0,0,instock,,,
SONY,ZL_A00TZ_1TK,ZL.A00TZ.1TK,PS5,周邊,4948872417136,CFI-ZCT2G13,DualSense無線控制器 – 電音紅,2580,2193,2089,2193,0,0,instock,,,
SONY,ZL_A00TZ_1TL,ZL.A00TZ.1TL,PS5,周邊,4948872417112,CFI-ZCT2G14,DualSense無線控制器 – 混音綠,2580,2193,2089,2193,0,0,instock,,,
SONY,ZL_A00TZ_1TM,ZL.A00TZ.1TM,PS5,周邊,4948872417099,CFI-ZCT2G15,DualSense無線控制器 – 韻律藍,2580,2193,2089,2193,0,0,instock,,,
SONY,ZL_A00TZ_1R6,ZL.A00TZ.1R6,PS5,周邊,4948872417440,CFI-ZCT2GZE,DualSense無線控制器 –《原神》限量版,2580,2193,2089,2193,0,0,instock,,,
SONY,ZL_A00TZ_1TJ,ZL.A00TZ.1TJ,PS5,周邊,4948872417150,CFI-ZCT1GZD,DualSense無線控制器 –《Marathon》限量版,2580,2193,2089,2193,0,0,instock,,,
SONY,ZL_A00TZ_168,ZL.A00TZ.168,PS5,周邊,4948872416290,CFI-ZCT1GZ3,DualSense 無線控制器 - Astro Bot Limited Edition,2480,2108,2008,2108,0,0,instock,,,
SONY,ZL_A00TZ_1CJ,ZL.A00TZ.1CJ,PS5,周邊,4948872416719,CFI-ZCT1GZ5,DualSense無線控制器 - Monster Hunter Wilds 限量版,2580,2193,2089,2193,0,0,instock,,,
SONY,ZL_A00TZ_1OF,ZL.A00TZ.1OF,PS5,周邊,4948872417044,CFI-ZCT1GZC,DualSense無線控制器 -『宇宙機器人』歡樂限量版,2580,2193,2089,2193,0,0,instock,,,
SONY,ZL_A00TZ_1PP,ZL.A00TZ.1PP,PS5,周邊,4948872416931,CFI-ZCT1GZA,DualSense無線控制器 -《God of War》20週年限量版,2580,2193,2089,2193,0,0,instock,,,
SONY,ZL_A00TZ_1MO,ZL.A00TZ.1MO,PS5,周邊,4948872416795,CFI-ZCT1GZ7,《羊蹄山戰鬼》黃金限量版DualSense無線控制器,2580,2193,2089,2193,0,0,instock,,,
SONY,ZL_A00TZ_1MP,ZL.A00TZ.1MP,PS5,周邊,4948872416863,CFI-ZCS2GZ7,《羊蹄山戰鬼》黃金限量版PlayStation 5（Slim版）主機護蓋,1980,1683,1603,1683,0,0,instock,,,
SONY,ZL_A00TZ_1TN,ZL.A00TZ.1TN,PS5,周邊,4948872417037,CFI-ZCS2G13,PlayStation5 主機護蓋–電音紅（PS5 Slim版）,2280,1938,1846,1938,0,0,instock,,,
SONY,ZL_A00TZ_1TO,ZL.A00TZ.1TO,PS5,周邊,4948872417020,CFI-ZCS2G14,PlayStation5 主機護蓋–混音綠（PS5 Slim版）,2280,1938,1846,1938,0,0,instock,,,
SONY,ZL_A00TZ_1TP,ZL.A00TZ.1TP,PS5,周邊,4948872417013,CFI-ZCS2G15,PlayStation5 主機護蓋–韻律藍（PS5 Slim版）,2280,1938,1846,1938,0,0,instock,,,
SONY,ZL_A00TZ_009,ZL.A00TZ.009,PS5,周邊,4948872415095,CFI-ZEY1G,HD 攝影機,1880,1598,1522,1598,0,0,instock,,,
SONY,ZL_A00TZ_00A,ZL.A00TZ.00A,PS5,周邊,4948872415071,CFI-ZMR1G,媒體遙控器,980,833,793,833,0,0,instock,,,
SONY,ZL_A00TZ_0EZ,ZL.A00TZ.0EZ,PS5,周邊,4948872415705,CFI-ZCP1G,DualSense Edge 無線控制器,6480,5508,5246,5508,0,0,instock,,,
SONY,ZL_A00TZ_1E6,ZL.A00TZ.1E6,PS5,周邊,4948872416597,CFI-ZCP1G01,DualSense Edge 無線控制器 午夜黑,6480,5508,5246,5508,0,0,instock,,,
SONY,ZL_A00TZ_0F0,ZL.A00TZ.0F0,PS5,周邊,4948872415729,CFI-ZSM1G,DualSense Edge 操作桿模組,680,578,550,578,0,0,instock,,,
SONY,ZL_A00TZ_1MI,ZL.A00TZ.1MI,PS5,周邊,4948872416894,CFI-ZWE1GC,PULSE Explore無線耳塞式耳機 - 白,6480,5508,5246,5508,0,0,instock,,,
SONY,ZL_A00TZ_1E7,ZL.A00TZ.1E7,PS5,周邊,4948872416634,CFI-ZWE1G01,PULSE Explore無線耳塞式耳機 午夜黑,6480,5508,5246,5508,0,0,instock,,,
SONY,ZL_A00TZ_1HC,ZL.A00TZ.1HC,PS5,周邊,4948872416924,CFI-ZWH2GC,PULSE Elite無線耳機組 - 白,4680,3978,3789,3978,0,0,instock,,,
SONY,ZL_A00TZ_1E8,ZL.A00TZ.1E8,PS5,周邊,4948872416627,CFI-ZWH2G01,PULSE Elite無線耳機組 午夜黑,4680,3978,3789,3978,0,0,instock,,,
SONY,ZL_A00TZ_0SR,ZL.A00TZ.0SR,PS5,周邊,4948872416221,CFI-ZWA2G,PlayStation Link USB轉換器,780,663,631,663,0,0,instock,,,
SONY,ZL_A00TZ_008,ZL.A00TZ.008,PS5,周邊,4948872415057,CFI-ZDS1T,DualSense™ 充電座,980,833,793,833,0,0,instock,,,
SONY,ZL_A00TZ_013,ZL.A00TZ.013,PS5,軟體,4948872613736,ECAS-00003,PS5 漫威蜘蛛人：麥爾斯·摩拉斯 一般版,1490,1267,1206,1267,0,0,instock,,,
SONY,0111_ECAS-00006,0111.ECAS-00006,PS5,軟體,4948872613743,ECAS-00006,Sackboy: A Big Adventure 普通版,1790,1522,1449,1522,0,0,instock,,,
SONY,ZL_A00TZ_00H,ZL.A00TZ.00H,PS5,軟體,4948872613774,ECAS-00009,Demon's Souls,1990,1692,1611,1692,0,0,instock,,,
SONY,ZL_A00TZ_014,ZL.A00TZ.014,PS5,軟體,4948872613798,ECAS-00015,漫威蜘蛛人：麥爾斯·摩拉斯 終極版,1990,1692,1611,1692,0,0,instock,,,
SONY,ZL_A00TZ_00Q,ZL.A00TZ.00Q,PS5,軟體,4948872613897,ECAS-00017,死亡回歸,1990,1692,1611,1692,0,0,instock,,,
SONY,ZL_A00TZ_043,ZL.A00TZ.043,PS5,軟體,4948872613903,ECAS-00018,仁王 收藏輯,1990,1692,1611,1692,0,0,instock,,,
SONY,ZL_A00TZ_00V,ZL.A00TZ.00V,PS5,軟體,4948872613972,ECAS-00025,拉捷特與克拉克：時空裂縫,1990,1692,1611,1692,0,0,instock,,,
SONY,ZL_A00TZ_078,ZL.A00TZ.078,PS5,軟體,4948872613989,ECAS-00026,PS5 戰神：諸神黃昏 God of War Ragnarök 普通版,1990,1692,1611,1692,0,0,instock,,,
SONY,ZL_A00TZ_01D,ZL.A00TZ.01D,PS5,軟體,4948872614030,ECAS-00028,PS5 對馬戰鬼 導演剪輯版 Ghost of Tsushima Director's Cut,1990,1692,1611,1692,0,0,instock,,,
SONY,ZL_A00TZ_01J,ZL.A00TZ.01J,PS5,軟體,4948872614054,ECAS-00031,死亡擱淺導演剪輯版,1490,1267,1206,1267,0,0,instock,,,
SONY,ZL_A00TZ_03M,ZL.A00TZ.03M,PS5,軟體,4948872614122,ECAS-00032,地平線 西域禁地 普通版 (PS5),1990,1692,1611,1692,0,0,instock,,,
SONY,ZL_A00TZ_04D,ZL.A00TZ.04D,PS5,軟體,4948872614177,ECAS-00035,跑車浪漫旅 7 普通版(PS5 ),1990,1692,1611,1692,0,0,instock,,,
SONY,ZL_A00TZ_03S,ZL.A00TZ.03S,PS5,軟體,4948872614276,ECAS-00036,秘境探險：盜賊傳奇合輯,1490,1267,1206,1267,0,0,instock,,,
SONY,ZL_A00TZ_077,ZL.A00TZ.077,PS5,軟體,4948872614351,ECAS-00042,最後生還者 The Last of Us Part I 重製版,1990,1692,1611,1692,0,0,instock,,,
SONY,ZL_A00TZ_0LW,ZL.A00TZ.0LW,PS5,軟體,4948872614764,ECAS-00050,PS5 漫威蜘蛛人2 《Marvel’s Spider-Man 2》 普通版,1990,1692,1611,1692,0,0,instock,,,
SONY,ZL_A00TZ_0T2,ZL.A00TZ.0T2,PS5,軟體,4948872614849,ECAS-00056,PS5 最後生還者2重製版 The Last of Us Part II Remastered,1490,1267,1206,1267,0,0,instock,,,
SONY,ZL_A00TZ_0OI,ZL.A00TZ.0OI,PS5,軟體,4948872615778,ECAS-00079,PS5 絕地戰兵 2《HELLDIVERS 2》普通版,1190,1016,963,1016,0,0,instock,,,
SONY,ZL_A00TZ_0P6,ZL.A00TZ.0P6,PS5,軟體,4948872615792,ECAS-00081,PS5 地平線西域禁地完全版,1790,1522,1449,1522,0,0,instock,,,
SONY,ZL_A00TZ_0TM,ZL.A00TZ.0TM,PS5,軟體,4948872615853,ECAS-00088,PS5 浪人崛起 Rise of the Ronin,1990,1692,1611,1692,0,0,instock,,,
SONY,ZL_A00TZ_0VZ,ZL.A00TZ.0VZ,PS5,軟體,4948872615921,ECAS-00091,PS5 劍星 Stellar Blade 普通版,1990,1692,1611,1692,0,0,instock,,,
SONY,ZL_A00TZ_17K,ZL.A00TZ.17K,PS5,軟體,4948872616010,ECAS-00099,PS5 直到黎明 Until Dawn,1790,1522,1449,1522,0,0,instock,,,
SONY,ZL_A00TZ_11E,ZL.A00TZ.11E,PS5,軟體,4948872616058,ECAS-00103,PS5 宇宙機器人 Astro Bot,1790,1522,1449,1522,0,0,instock,,,
SONY,ZL_A00TZ_19G,ZL.A00TZ.19G,PS5,軟體,4948872616096,ECAS-00104,PS5 LEGO：地平線大冒險,1790,1522,1449,1522,0,0,instock,,,
SONY,ZL_A00TZ_19F,ZL.A00TZ.19F,PS5,軟體,4948872616133,ECAS-00108,PS5 地平線：期待黎明 重製版 Horizon Zero Dawn,1490,1267,1206,1267,0,0,instock,,,
SONY,ZL_A00TZ_1FI,ZL.A00TZ.1FI,PS5,軟體,4948872616157,ECAS-00110,PS5 死亡擱淺2 普通版 DEATH STRANDING 2: ON THE BEACH,1990,1692,1611,1692,0,0,instock,,,
SONY,ZL_A00TZ_1EW,ZL.A00TZ.1EW,PS5,軟體,4948872616195,ECAS-00114,PS5 MLB The Show 25 美國職棒大聯盟25 (英文版),1990,1692,1611,1692,0,0,instock,,,
SONY,ZL_A00TZ_1F9,ZL.A00TZ.1F9,PS5,軟體,4948872616232,ECAS-00118,PS5 失落之魂 Lost Soul Aside,1790,1522,1449,1522,0,0,instock,,,
SONY,ZL_A00TZ_1HE,ZL.A00TZ.1HE,PS5,軟體,4948872616256,ECAS-00120,PS5 羊蹄山戰鬼– 普通版,1990,1611,1692,1611,0,0,instock,,,
SONY,ZL_A00TZ_1HF,ZL.A00TZ.1HF,PS5,軟體,4948872616294,ECAS-00120L,PS5 羊蹄山戰鬼– 收藏版,6760,5472,5746,5472,0,0,instock,,,
SONY,ZL_A00TZ_1UX,ZL.A00TZ.1UX,PS5,軟體,4948872616324,ECAS-00123,PS5 MLB The Show 26 美國職棒大聯盟26 (英文版),1990,1611,1692,1611,0,0,instock,,,
SONY,ZL_A00TZ_0FF,ZL.A00TZ.0FF,PS5,軟體,4988601011532,ELAS-10241,PS5 魔咒之地,1990,1692,1611,1692,0,0,instock,,,
SONY,ZL_A00TZ_0I0,ZL.A00TZ.0I0,PS5,軟體,4974365837457,ELAS-10408,PS5 人中之龍 維新！極 中文普通版,1590,1352,1287,1352,0,0,instock,,,
SONY,ZL_A00TZ_0M8,ZL.A00TZ.0M8,PS5,SEGA,4580544940803,ELJM-30205,PS5 被遺忘的我們 War Mongrels 【中文普通版】,1190,963,1012,963,0,0,instock,,,
SONY,ZL_A00TZ_0O2,ZL.A00TZ.0O2,PS5,SEGA,8057168507867,ELAS-10505,PS5 RIDE 5,1790,1449,1522,1449,0,0,instock,,,
SONY,ZL_A00TZ_0SQ,ZL.A00TZ.0SQ,PS5,SEGA,4974365837662,HSN-0110,PS5 人中之龍7 & 人中之龍7外傳 合輯,1890,1530,1607,1530,0,0,instock,,,
SONY,ZL_A00TZ_0VC,ZL.A00TZ.0VC,PS5,SEGA,4974365837846,ELAS-10603,PS5 女神異聞錄3 Reload 普通版,1890,1530,1607,1530,0,0,instock,,,
SONY,ZL_A00TZ_0EY,ZL.A00TZ.0EY,PS4,軟體,4974365825584,PLAS-11287,PS4 索尼克 未知邊境,1290,1044,1097,1044,0,0,instock,,,SEGA
SONY,ZL_A00TZ_0HQ,ZL.A00TZ.0HQ,PS5,軟體,5051895416068,ELAS-10332,PS5 霍格華茲的傳承 一般版,1790,1449,1522,1449,0,0,instock,,,SRP調降
SONY,0101_PCAS-20001,0101.PCAS-20001,PS4,PS4 HITS,4948872611688,PCAS-20001,最後生還者重製版 PlayStation® Hits (中文版),590,502,478,502,0,0,instock,,,
SONY,0101_PCAS-20013,0101.PCAS-20013,PS4,PS4 HITS,4948872612821,PCAS-20013,地平線：期待黎明 完全版 (中文版) PlayStation®Hits,590,502,478,502,0,0,instock,,,
SONY,0101_PCAS-20014,0101.PCAS-20014,PS4,PS4 HITS,4948872612814,PCAS-20014,戰神3 強化版 (中文版) PlayStation®Hits,590,502,478,502,0,0,instock,,,
SONY,0101_PCAS-20017,0101.PCAS-20017,PS4,PS4 HITS,4948872613132,PCAS-20017,戰神 (中文版) PlayStation Hits,590,502,478,502,0,0,instock,,,
SONY,0101_PCAS-05122,0101.PCAS-05122,PS4,軟體,4948872613507,PCAS-05122,仁王2 (中日英韓文版),1790,1012,964,1012,0,0,instock,,,
SONY,ZL_A00TZ_01E,ZL.A00TZ.01E,PS4,軟體,4948872614047,PCAS-05200,PS4 對馬戰鬼導演剪輯版 Ghost of Tsushima Director's Cut,1790,1522,1449,1522,0,0,instock,,,
SONY,ZL_A00TZ_04F,ZL.A00TZ.04F,PS4,軟體,4948872614245,PCAS-05207,跑車浪漫旅 7 普通版(PS4 ),1790,1522,1449,1522,0,0,instock,,,
SONY,ZL_A00TZ_07B,ZL.A00TZ.07B,PS4,軟體,4948872614528,PCAS-05219,戰神：諸神黃昏 普通版,1790,1522,1449,1522,0,0,instock,,,
SONY,ZL_A00TZ_0I5,ZL.A00TZ.0I5,PS4,軟體,4948872614757,PCAS-05222,PS4 MLB美國職棒大聯盟23 (英文版),1790,1522,1449,1522,0,0,instock,,,
SONY,0101_PCAS-05081,0101.PCAS-05081,PS4,軟體,4948872612159,PCAS-05081,隻狼: 暗影雙死 (中文版),1590,1012,964,1012,0,0,instock,,,
SONY,0101_PCAS-05091,0101.PCAS-05091,PS4,軟體,4948872612517,PCAS-05091,尼爾: 自動人形 年度版 (中文版),1190,1012,964,1012,0,0,instock,,,
PLAYSEAT,ZL_W01TZ_01H,ZL.W01TZ.01H,PLAYSEAT,賽車椅,8717496872791,,Playseat® Challenge X - Logitech G Edition賽車椅,9980,8364,8364,0,0,0,instock,,,MOQ : 20
PLAYSEAT,ZL_W01TZ_026,ZL.W01TZ.026,PLAYSEAT,地墊,8717496872296,,Playseat® Floor Mat XL,2500,2095,2095,0,0,0,instock,,,暫無交期
PLAYSEAT,ZL_W01TZ_075,ZL.W01TZ.075,PLAYSEAT,賽車椅,8717496873255,,Playseat® Formula Instinct - F1® Edition,23980,20098,20098,0,0,0,instock,,,MOQ : 5、PM保留可挪移、但需告知PM
PLAYSEAT,ZL_W01TZ_02E,ZL.W01TZ.02E,PLAYSEAT,賽車椅,8717496873033,,Playseat® Trophy - red,22980,19259,19259,0,0,0,instock,,,益宸保留可挪移、但需告知馨慧
PLAYSEAT,ZL_W01TZ_00P,ZL.W01TZ.00P,PLAYSEAT,賽車椅,8717496872975,,Playseat® Trophy Black賽車椅,22980,19259,19259,0,0,0,instock,,,MOQ : 5、益宸保留可挪移、但需告知馨慧
PLAYSEAT,ZL_W01TZ_012,ZL.W01TZ.012,PLAYSEAT,賽車椅,8717496873101,,Playseat® Trophy Logitech賽車椅,22980,19259,19259,0,0,0,instock,,,MOQ : 5
PLAYSEAT,ZL_W01TZ_0GM,ZL.W01TZ.0GM,PLAYSEAT,賽車椅,8717496873279,,Playseat® Challenge DD - F1® Edition,13980,11717,11717,0,0,0,instock,,,MOQ : 20
PLAYSEAT,ZL_W01TZ_0H0,ZL.W01TZ.0H0,PLAYSEAT,賽車椅,8717496873118,,Playseat® Formula Instinct - Logitech x 麥拉倫聯名款,25980,21774,21774,0,0,0,instock,,,MOQ : 20
PLAYSEAT,ZL_W01TZ_029,ZL.W01TZ.029,PLAYSEAT,排檔桿,8717496872326,,Playseat Trophy Gearshift and Handbrake Holder 專用排檔架,2980,2498,2498,0,0,0,instock,,,
NLR,ZL_W01TZ_001,ZL.W01TZ.001,NLR,賽車架,640746635533,,NLR WHEEL STAND LITE賽車架,4980,4174,4174,0,0,0,instock,,,EOL、剩庫1、益宸保留可挪移、但需告知馨慧
NLR,ZL_W01TZ_002,ZL.W01TZ.002,NLR,賽車架,40835250522,,NLR WHEEL STAND 2.0賽車架,7980,6688,6688,0,0,0,instock,,,MOQ : 10
NLR,ZL_W01TZ_003,ZL.W01TZ.003,NLR,賽車椅,667380785820,,NLR F-GT賽車椅,15980,13393,13393,0,0,0,instock,,,
NLR,ZL_W01TZ_004,ZL.W01TZ.004,NLR,賽車椅,737787153383,,NLR F-GT LITE賽車椅,9980,8364,8364,0,0,0,instock,,,
NLR,ZL_W01TZ_015,ZL.W01TZ.015,NLR,飛行座艙,9359668000220,,NLR Flight Simulator Boeing Military Edition飛行座艙(軍用版),27980,23450,23450,0,0,0,instock,,,EOL、剩庫1、益宸保留可挪移、但需告知馨慧
NLR,ZL_W01TZ_016,ZL.W01TZ.016,NLR,賽車椅,9359668000480,,NLR GT LITE PRO賽車椅,9980,8364,8364,0,0,0,instock,,,MOQ : 10
NLR,ZL_W01TZ_09I,ZL.W01TZ.09I,NLR,賽車架,9359668000596,,NLR WHEEL STAND LITE 2.0賽車架,5280,4425,4425,0,0,0,instock,,,MOQ : 10
NLR,ZL_W01TZ_0B5,ZL.W01TZ.0B5,NLR,賽車椅,9359668000800,,NLR GT RACER賽車椅2.0,13980,11717,11717,0,0,0,instock,,,
NLR,ZL_W01TZ_0AA,ZL.W01TZ.0AA,NLR,賽車椅,850041503677,,NLR Victory Simulator Cockpit,9980,8364,8364,0,0,0,instock,,,MOQ : 10